['@@74f418a8ec50bd7d0c62e5601ab270d9a38987776b6819af9891e0a278a33733', '数理<span class="emoji emoji1f3c0"></span>队', '', '', '', '0\n']
['@@29a89d1ae9fd84b066f483b2b44a37e300f31a9ca538ad91be98370ff9d507d1', '关于话剧的讨论', '', '', '', '0\n']
['@@e55e0620efeb5da6e8c79aab4784600d60f7ac995b32218f9e58c26a69d3b0a2', '欧洲打折季直播群<span class="emoji emoji1f47b"></span>', '', '', '', '0\n']
['@@d8f7f3d1b0ad581377f31fd85c1616de28d19d73dde190d939df52bf1c9d597f', '数理系体育部', '', '', '', '0\n']
['@@6173d2848ff3da47d7998f801d79958bc0598a0a23eef33e62417c7144d2c795', '体育', '', '', '', '0\n']
['@@a5b3e6df35ee95615291f25cbc6fb453445c1344df3193e7f8bc6a5812e079e3', '数理系团学生会', '', '', '', '0\n']
['@@46b3b69ec87170e6b25e25eea9b99ff6f3c73309abf8bdbe4d9946295de9af0f', '小学同学', '', '', '', '0\n']
['@@7b1fce7af8927930a2e0db7010916228e6e0a34a7d081157ab2f19c66f6ba528', '北京魅族（客户群）', '', '', '', '0\n']
['@@9961cea70a6b777dcd804723c3385537f43ac1aab7564d89047c48f70c42a636', '数理系团学干部', '', '', '', '0\n']
['@@6550cf7389122227a760ffeb1a02c5ff44e8996f3329de8d529e448a9088b0a6', '大三挂科补考班（望京校区）', '', '', '', '0\n']
['@@bf9b8729733fa2d08a1b05d6bd82a3e3e08c722fdb23d312550e14de069c906a', '这个群将来会有12个人', '', '', '', '0\n']
['@@2060a33f9d95bf0518e5d7c61b3cf60006449342564c8d440fcab290c7a78a87', '八级大狂风', '', '', '', '0\n']
['@@7bbdb8687b59c45c5d82c173a07f258e93fefe660a7d42bb749d6ee0ffeb2e97', '科151撕逼扯淡群', '', '', '', '0\n']
['@@02c6acc1ba7d22d5a3403e31cbab6515dcd8f012706dec4ecd14692826e4c5aa', '科151', '', '', '', '0\n']
['@@ebb774929f9b91259484a1feefe26ea88cf78f49f83e0e6cc14b04d22d638b6b', '<span class="emoji emoji1f51e"></span>', '', '', '', '0\n']
['@@79af626290a38e4740e49b09b99439f91673db600826ba9239a084292aefd3c5', '数理学生会', '', '', '', '0\n']
['@@d3d48efabb8655ca1b88f353c6855a380dd793a1b6dc266acb0105d3d9827d66', '科171', '', '', '', '0\n']
['@@97d8ea9f53b4759c57294999209d51658199905f93176b76d4b3ba3a470903a6', '小陌专业实习', '', '', '', '0\n']
